name,free_returns,items_sold,status,price,shipping
Mens Puma Golf Hat NWOT Tour Exclusive Flex Fit Cap Tech SnapBack Orange 3D Logo,False,,New (Other),3000,
GOLF WEEK Junior Tour PUKKA Hat Cap Black Strap Back PINK & Light GRAY,False,,Pre-Owned,1600,575
Wool Herringbone Newsboy Gatsby Cap Ivy Hat Golf Mens Flat Cabbie Stripe,True,1671,Brand New,1299,
Ben Hogan Golf Fitted Mesh Hat Cap  - Pick Color,True,,Brand New,899,
TaylorMade Golf M3 TP5 New Era Tour 39Thirty Fitted Hat Cap - Pick Size & Color!,True,502,Brand New,1499,
TaylorMade Golf Lifestyle Cage Fitted Men's Hat Cap - Pick Size & Color!,True,864,Brand New,1399,
Applejack Multi Plaid Newsboy Gatsby Ivy Hat Golf Driver Ascot,False,149,Brand New,1499,
golf hats for men imperial adjustable,False,,New (Other),1500,610
Made in USA 100% Genuine Leather Ascot Newsboy Ivy Hat Cap Gatsby,False,,Brand New,1999,
Taylormade Mens Tour Cage Fitted Hat Golf Cap - New 2022,True,0,Brand New,2695,
Summer Plain Linen Newsboy Gatsby Cap Ivy Hat Golf Driver Mens Flat Cabbie ,True,1939,New (Other),999,
"Adidas Golf Members Bounce Adjustable Snapback Hat, Brand New",True,,Brand New,1799,0
Under Armour UA Golf96 Hat Adjustable Golf Cap - New - Pick Color,True,,Brand New,1895,
Black Clover Tennessee Pride Adjustable Slide Hat,True,,Brand New,3497,
Mizuno Crossed Clubs Snapback Adjustable Golf Hat,True,,Brand New,2897,
New TaylorMade Golf Performance Cage Fitted Hat Cap - Pick Size & Color!,True,323,Brand New,1212,
PXG Darkness Skull 26 Hat Golf Baseball Cap Black/White Adjustable US Shipping,False,,Brand New,3223,0
Grateful Hills - Grateful Dead Inspired Shinnecock Hills Hat - Imperial - Rope,False,,Brand New,3500,0
NEW Mizuno Tour Delta Fitted Hat - Choose Size & Color!,True,0,Brand New,3099,
Bandon Dunes Imperial Performance Hat White,False,,Pre-Owned,1600,610
Ben Hogan Men's Performance Mesh Golf Hat Cap - One Size - Select Color!,True,408,Brand New,1212,
NEW Bad Birdie Black Trucker Snapback Adjustable Golf Hat/Cap,False,,Brand New,2995,0
TaylorMade Sim2 Tour Cage Performance Fitted Hats,False,,Brand New,1999,1000
TITLEIST Golf Cap Adjustable Hat FJ Pro V1 White w Teal Embroidered Lettering,False,,Pre-Owned,1199,600
Under Armour Mens Blitzing 3.0 Golf Hat Fitted Cap - New - Pick Color & Size,True,40,Brand New,2195,
G/FORE Circle G's Snapback Golf Hat Pink Cap Excellent Condition Sample Item,False,0,Pre-Owned,2700,580
NIKE Swoosh Front Hat 333114 Mens Adjustable Cap - Pick a Color,True,71,Brand New,2195,
New ListingTitleist Golf Montauk Lightweight Men's Golf Hat NAVY w/ White Dot Adjustable,False,,Brand New,1999,540
"Adidas Golf For The Oceans Adjustable Snapback Hat, Black",True,,Brand New,1799,0
New Travis Mathew Golf B-Bahamas Fitted Cap Hat,True,,Brand New,2795,
WK Wool Tweed Plaid Ivy Herringbone Winter Cap Hat Golf Flat Cabbie Newsboy,True,442,Brand New,1499,
Mens Ivy Hat Golf Driving Ascot Winter Flat Cabbie Newsboy,False,,Brand New,1499,
"No Sweat Golf Hat Liner & Cap Protection  Prevent Stains, Rings & Moisture",True,1725,Brand New,225,389
Cabbie Newsboy Gatsby Cap Mens Ivy Hat Golf Driving Summer Sun Flat,True,1011,Brand New,1595,
NEW Titleist Denim Golf Hat Adjustable Cap - Choose Color!,True,0,Brand New,1499,
New Listingmens golf hat lot - Titleist / PXG / Black Clover / Peter Millar / Travis Mathew,False,,New (Other),4900,0
"Adidas Golf 3-Stripe Club Adjustable Snapback Hat, Brand New",True,,Brand New,1799,0
Barstool Fore Play Hat,False,,Pre-Owned,1800,610
Oakley Men's Tincan Logo Flag Edition Flex Stretch Fit Hat Cap USA HAWAII TEXAS,True,0,Brand New,2490,
Solid Cotton Gatsby Cap Mens Denim Hat Golf Driving Summer Sun Cabbie Newsboy,False,347,Brand New,1299,
TaylorMade Golf 2019 Performance Cage Fitted Hat Cap - Pick Size & Color!,True,148,Brand New,1299,
Greg Norman Collection The Shark Embroidered Golf Hat Adjustable Black NEW,False,,Brand New,907,295
New ListingPING Mr Ping Snapback Golf Hat Baseball Cap FlexFit 110 Adjustable Black White ,True,,New (Other),2490,
Izod Golf Hat White,False,,New (Other),999,610
New ListingTaylorMade R11S RBZ Golf Hat.,False,,Pre-Owned,1000,610
Men's Newsboy Button Top Ascot Ivy Cabbie Hat Gatsby Cap Plaid PU Leather,False,221,Brand New,1499,
NEW Men's 2019 Puma P 110 Snapback Golf Hat Cap Adjustable OSFM - Choose Color!,True,87,Brand New,1599,
Vintage 80s The Masters Derby Cap Strapback Hat Augusta PGA Golf USA,False,0,New (Other),1999,610
V-Flexfit Cotton Twill Baseball Cap Fitted Flex Fit Ballcap Plain Blank Hat 5001,True,,Brand New,1025,0
PXG Faced Logo Golf CAP Adjustable Hat new/authentic ,False,,Brand New,3222,0
New Listing[NWT] *Vintage* Walter Hagen Golf Hat-Cap Men's [Bucket/Rain] Black/White-Large,False,,Brand New,3999,610
Ping Golf white Beanie,False,,Pre-Owned,1200,490
New ListingTitleist Golf Tour Snapback Mesh FJ/ProV1 Adjustable Hat/Cap COLOR:WHITE w/Black,False,,Brand New,3499,
Taylormade Mens Lifestyle Golf Logo Hat Adjustable Cap - New 2022,True,11,Brand New,2795,
New ListingTitleist Charleston Cuff Knit Winter Hat / Cap COLOR: White,False,,Brand New,1600,400
Men's Cabbie Newsboy and Ascot Plaid Ivy Button Hat Cap,False,172,Brand New,1499,
New Listingtitleist golf hats for men new,False,,New (Other),1020,590
Lot of 6 Golf Hats,False,,Pre-Owned,499,1125
Solid Washed Gatsby Cap Mens Denim Hat Golf Driving Summer Cabbie Newsboy,False,196,Brand New,1299,
Seminole Golf Club American Needle Hat,False,,Pre-Owned,4000,1260
Puma Golf P 110 Paint Pattern Snapback Adjustable Cap Hat - Black,True,28,Brand New,2999,
NEW Titleist Tour Stretch Tech Golf Hat Fitted Cap - Choose Size & Color!,True,0,Brand New,3499,
Stitch Golf Unisex Black Golf Hat One Size ,False,,New (Other),500,1318
2 Vice Golf Hats - Black & White,False,,Pre-Owned,1800,0
2 Titleist Golf Hats Caps Adjustable Red/Blue/White * RARE USA*VERY GOOD COND!! ,False,,Pre-Owned,2900,499
NEW Titleist Surf Stripe Laguna Golf Hat Snapback Cap - Choose Color!,True,,Brand New,2999,
New Listinggolf hats for men adjustable,False,,New (Other),2100,610
"Callaway Hat, alternate *C* logo",False,,New (Other),1400,610
Srixon 2022 Tour Original Trucker Adjustable Cap,True,39,Brand New,1897,395
Black PXG Original Adjustable Golf Hat One Size Fits Most Cap,False,,Pre-Owned,650,600
Callaway Odyssey Golf Hat Strapback Cap White Adjustable,False,,New (Other),1350,0
Ping Golf Hat,False,,Pre-Owned,500,590
BRAND NEW TITLEIST FLAT BILL TOUR ROPE GOLF HAT WHITE BLACK,False,,Brand New,3500,
NEW RED UNDER ARMOUR GOLF HAT / CAP OLYMPIC CLUB GOLF LOGO FITTED MEDIUM LARGE,True,,Brand New,1494,490
Ogio Golf O Flex Fit Fitted Hat Cap - Pick Color & Size!,True,,Brand New,1799,
Classic PU Leather Newsboy Gatsby Ivy Hat Golf Driver Ascot,False,1151,Brand New,1795,
Nike Men's Golf Cap Strapback Adjustable Hat ,False,,Pre-Owned,1099,600
TaylorMade Mens Original One Trucker Hat Snapback Cap - New 2022,True,40,Brand New,2495,
VINTAGE HATS  ( LOT OF 4 ),False,0,Pre-Owned,1500,0
Black PXG Original Adjustable Golf Hat One Size Fits Most Cap,False,,Pre-Owned,650,600
Callaway Odyssey Golf Hat Strapback Cap White Adjustable,False,,New (Other),1350,0
Ping Golf Hat,False,,Pre-Owned,500,590
Titleist FJ Pro V1 Men‚Äôs Gray & Black Adjustable Golf Baseball Cap Hat,False,,New (Other),1999,610
BRAND NEW TITLEIST FLAT BILL TOUR ROPE GOLF HAT WHITE BLACK,False,,Brand New,3500,
"G/FORE QUARTER G STRETCH TWILL BUCKET HAT NEW, HOTTEST TRENDING GOLF BRAND LARGE",False,,New (Other),500,610
Ping Golf tossle cap hat,False,,Brand New,2499,610
Braemar Golf Rope Hat Wisconsin White.,False,,Brand New,3000,600
TaylorMade 2020 Lifestyle Low Crown Snapback Hat,True,129,Brand New,1499,
NWT BLACK CLOVER Live Lucky Golf Hat White/Green Brazil Style Fitted : Size S/M,False,0,Brand New,1995,0
G/FORE Mens Golf Hat Snapback ‚ÄúLil Pro Rare Flex-fit Tech,False,,Brand New,4499,0
Volvik Golf Embroidered Skull Cap Hat Limited Edition Black Gray White Brand New,False,10,Brand New,2799,
Black Clover Live Lucky! Gray taupe Fitted Stretch Hat Cap Embroidered ,True,,Pre-Owned,1899,399
Malbon Golf ‚ÄúFairfax Avenue Golf Club‚Äù Camo Hat Rare,False,,Pre-Owned,3000,610
NIKE Dri-Fit Swoosh Front Hat Mens Adjustable Cap 548533 - Various Colors,True,49,Brand New,2595,
bad birdie hat Black Adjustable,False,,Pre-Owned,2500,550
AVID Tour Performance Visor Hat Black Adjustable AvidGear AVH651BK NEW!,False,,Brand New,850,550
Perfect Curve 39955 Cap Cage For Flat & Curved Ball Caps / Hats FREE SHIPPING,False,,Brand New,1000,
NEW Puma P110 AP Camo/Bright White/Morning Glory Snapback Golf Hat/Cap,False,,Brand New,2195,0
TaylorMade Golf California Trucker Flat Bill Snapback Golf Hat White Black,False,,Brand New,99,599
Atlanta Athletic Club d Hudson Hat New ,False,,New (Other),1800,610
New Listingnike flex fit hat l/xl,False,,New (Other),1800,600
Greg Norman Signature Straw Hat - New 2022,True,0,Brand New,3495,
men white nike golf hat,False,,Brand New,499,610
NEW Titleist Surf Stripe Monterey 2022 Golf Hat Fitted Cap - Choose Size & Color,True,0,Brand New,3299,
"Callaway Hat, alternate *C* logo",False,,New (Other),1400,610
NIKE DRI-FIT Featherlight Adult Golf/Tennis Hat-White,False,,Pre-Owned,1998,
Titleist NXT Men's Golf Hat Strapback Tan Cotton USA Baseball Embroidered,False,,Pre-Owned,1000,590
NEW TaylorMade Performance Seeker White/Navy Adjustable Golf Hat/Cap,False,,Brand New,2395,0
New PXG Adjustable Hat Golf Adjustable White,False,,Brand New,2856,0
Newsboy Wool Felt Gatsby Cap Mens Ivy Hat Golf Winter Cold Flat Cabbie Ascot NEW,False,178,Brand New,999,
NEW Black Clover Live Lucky Clover  Adjustable Flatbill Hat/Cap NWT!!!!,False,,Brand New,2499,600
"Titleist FJ Pro V1,  Hat Adjustable S/M Golf Cap Hat Lot Of 10",False,,New (Other),2880,2220
Nike Golf Hat Arrowhead Embroidery Fitted S/M Flexfit rn#56323 Blue ,False,,Pre-Owned,809,455
Black Clover Tennessee Vol Motto Snapback Hat,True,0,Brand New,3497,
PXG 0311 Golf Baseball Cap Adjustable Summer Casual Hat Black/White Waterproof,False,,Brand New,3099,0
algonquin golf club white hat,False,,Brand New,1000,585
PXG Golf Baseball Cap Adjustable Black Flora,False,0,Brand New,3000,0
Callaway Golf 2022 TA Performance XL Pro Rogue/APEX Adjustable Hat/Cap - White,False,,Brand New,2995,
New ListingTitleist Golf Montauk Lightweight Men's Golf Hat White with Black Dot Adjustable,False,,Brand New,1999,540
New ListingBlack Clover Live Lucky Shamrock Green Embroidery Golf S/M Memory Fit Hat,False,,Pre-Owned,1499,599
Nike Dri-FIT Swoosh Perforated Hat Mens Adjustable Cap 429467- Choose a Color,True,,Brand New,2595,
New ListingNew Titleist Golf Tour Performance Golf Hat Adjustable Navy Red Pro V1 FJ Logo,False,,Pre-Owned,1999,0
Country Club of Jackson Imperial Golf Rope Hat  Cap American Needle,False,,Pre-Owned,4000,600
New2022 Titleist Tour Stretch Tech Golf Hat White Breathable Ultimate Comfort,True,,Brand New,3699,
Vintage Taylor Made Golf Snapback Hat White Made in USA 1990's Retro,False,,Pre-Owned,3000,0
Gray PXG Original Adjustable Golf Hat One Size Fits Most Cap,False,,Pre-Owned,2500,610
New Listing**PXG 950 ORIGINAL FIT WHITE HAT**                 **TOUR STYLE**,False,,Brand New,4500,975
New ListingTitleist Golf Rope Hat Cap Pro V1 TH20ARFBL01 Black *read listing*,False,,New (Other),3000,985
New ListingTitleist Flex Gray & Red Golf Hat Size Large/ Extra Large Golf Cap,False,,Pre-Owned,1199,585
Greg Norman Signature Straw Hat - New In Box 2022,False,,Brand New,2699,0
Callaway Golf Hats Lot of 2,False,,Pre-Owned,1499,950
Puma Classic Logo Adjustable Racket Visor/Hat - 1487463,True,,Brand New,1799,
NEW Black Clover Live Lucky Heather Denim/Navy Blue Fitted S/M Hat/Cap,False,,Brand New,3500,0
NEW Imperial California Golf Club Of San Francisco Logo Hat Polyester White NWOT,False,,New (Other),9995,610
Men‚Äôs Travis Mathew Flex Fit Golf Hat NWT Cap Size S/M  Vitamin Sea White,False,0,Brand New,1750,550
"FLEXFIT DELTA TECH Hat, FITTED, Mens S/M, L/XL, Sports, Golf, Baseball Cap, 180",False,73,New (Other),1795,0
adidas Golf 2022 UV Protective Wide Brim Sun Golf Hat,True,0,Brand New,3000,
shoreacres golf american needle white rope hat,False,,Brand New,8000,999
Bentley Golf Hat Adjustable,False,,Brand New,2999,1000
New ListingTitleist Pro V1 FJ FootJoy Golf Gray L/XL Flex Stretch Fitted Hat Cap Adult,False,,Pre-Owned,1499,495
TaylorMade RAW Men's Golf Cap Hat White New ,True,,Brand New,1799,0
NEW Bad Birdie Black Script Snapback Adjustable Golf Hat/Cap,False,,Brand New,2995,0
Hazeltine Golf Club Imperial Hat ,False,,New (Other),3800,697
NEW TaylorMade Custom TP5 Miami Dad Navy Adjustable Golf Hat/Cap,False,0,Brand New,1995,425
New Callaway Golf Performance Pro Rogue ST Adjustable Hat - Choose Color!,False,15,Brand New,3099,0
Button Mesh Newsboy Gatsby Cap Mens Ivy Hat Golf Driving Summer Sun Flat Cabbie,True,225,Brand New,1494,
NEW RED GOLF HAT / CAP SOUTHERN HILLS COUNTRY CLUB LOGO TULSA OKLAHOMA MESH BACK,True,,Brand New,1494,490
Trump 2024 Hat Visor,False,,Brand New,1299,0
SHANKITGOLF SKULL AND CROSSBONES GRAY GOLF HAT,True,,Brand New,3200,0
Shankitgolf Skull And Crossbones Adjustable Golf Hat ,False,,Brand New,3200,0
NEW Bridgestone Digital Camo Desert Green Adjustable Snapback Golf Hat/Cap,False,,Brand New,2295,0
Nike Pro Aerobill Flex Cap Tech Swoosh Snap Back Cap BV2508 Navy Blue White Hat,True,,Brand New,1050,550
Bentley Golf Hat Adjustable,False,,Brand New,2999,1000
NEW 2022 TaylorMade Tour Lite Tech Stealth Gray Adjustable Golf Hat/Cap,False,,Brand New,2795,0
PING Multicam Camo Print Golf Hat Mens Adjustable Cap,False,,Pre-Owned,2999,
New ListingNike Heritage86 Tiger Woods Golf Hat DA3317-010,False,0,Brand New,2650,0
Hazeltine Golf Club Imperial Hat ,False,,New (Other),3800,697
Brentwood Golf Country Club Course Mesh Trucker Snapback Hat Cap Men Women White,True,,Pre-Owned,1499,499
Black Clover Premium Clover Hat 24 Size L/XL Red/Black/Black,True,11,Brand New,3195,
SHANKITGOLF Funny Golf Hat Legalize Mulligans Adjustable Snap Closure Hat,True,,Brand New,3200,0
18RED CALI Black FlexFit Stretch Fitted Golf Hat Eco Dry S/M & L/XL Free Ship,False,0,Brand New,2400,
„ÄêoZtrALa„Äë Oiled KANGAROO Leather Hat Cowboy Western Outback Mens Golf AUSTRALIAN,False,,Brand New,5452,1297
Puma Sunset Snapback High Rise Headwear Men One Size,True,,Brand New,1797,0
"Men's new with tags winter golf hat, SAHALEE",False,,Brand New,1595,0
Deepdale Golf Club Hat ~ Rare ~ Adjustable ~ White NWT,False,,Brand New,7999,525
NEW Bridgestone Golf State Collection Michigan Adjustable Snapback Hat/Cap,False,,Brand New,2495,0
4Headwear Banff Springs Golf Club One Size Adjustable Canada Men‚Äôs Ball Cap/Hat ,False,,Pre-Owned,1198,508
Titleist 2022 Shamrock Players Performance Hat,True,,Brand New,3500,
NEW TaylorMade Tour Cage SIM 2 TP5 Fitted Golf Hat - Choose Size & Color,False,37,Brand New,2499,0
New ListingNEW Black Clover Live Lucky Sweet Lid 2 Yellow/Green Fitted S/M Golf Hat/Cap,False,,Brand New,3400,0
NEW Black Clover Live Lucky New York Classic Black Adjustable Golf Snapback Hat,False,,Brand New,3400,0
 PXG Camouflage Golf Cap Unisex Adjustable,False,8,Brand New,3228,0
Men's Classic Newsboy Ivy Ascot Gatsby Hat Golf Driving Cap Cotton Adjustable,False,145,Brand New,1299,
PEBBLE BEACH US OPEN 2010 GOLF TOWEL - CLIP ON - 36X10 - USED ,False,,Pre-Owned,99,800
SHANKITGOLF Funny Legalize Mulligans Golf Rope Hat Adjustable,True,,Brand New,3200,0
Braveheart Golf Tour 1996 Plaid-Bill Hat By Otto Cap Adjustable Snap-Back,True,,Pre-Owned,1199,599
18RED CALI Gray Charcoal Hat FlexFit Fitted Performance FREE SHIPPING,False,0,Brand New,2400,
Warrior Golf Hat Cap Green Adjustable Embroidered Spellout W Logo Contrast Adult,True,,Pre-Owned,749,799
NEW TaylorMade LS Cage EST 1979 Black Fitted Large/Extra Large Hat/Cap (L/XL),False,,Brand New,1495,0
Titleist Vokey Golf Hat M/L Medium/Large New,False,0,Brand New,2999,800
PXG Skull Hat Adjustable Golf Baseball Cap Black White,False,,Brand New,3236,0
New Titleist Golf Tour Performance Golf Hat Ball Marker Adjustable Black White,True,,Brand New,3497,0
NEW Sweet Rollz SRG Performance Circle Golf Hat/Cap,False,,Brand New,2495,425
2022 Presidents Cup Hat Quail Hollow - Imperial,False,,New (Other),1499,599
"USA Ryder Cup '97 Johnnie Walker Valderama Red, White & Blue Hat 56cm Size",True,,Pre-Owned,1199,599
18RED CALI White FlexFit Stretch Fitted Golf Hat Eco Dry Small/Medium Free Ship,False,,Brand New,2400,
PING Golf Cadet Military/Painters Hat/Cap Women's  Adjustable Strapback Blue,False,,Pre-Owned,1200,550
NEW Black Clover Live Lucky Heather Mesh Mango/Black L/XL Golf Hat/Cap,False,,Brand New,3200,0
New ListingNEW Callaway 82 Label Custom Gray Fitted L/XL Golf Hat/Cap,False,,Brand New,1095,425
Scotty Cameron Hat Circle T Mesh SnapBack Charcoal/Lime Halloween 2022 üî•,False,,Brand New,4000,900
Cobra Tour Crown Snapback Cotton Cap FlexFit 110 Pick Hat Moisture Wicking Band,True,0,Brand New,1698,599
Bel-Air Country Club Imperial Strapback OSFA Dad Golf Hat White Worn Once,False,,Pre-Owned,5500,590
Bridgestone Boonie Bucket Hat Golf Sun Cap New 2022 - Pick Size & Color,True,0,Brand New,2999,
Nike AeroBill Classic99 Fitted Golf Hat Photon Dust BV1073-025 New Size M/L,False,0,Brand New,2995,395
PGA TOUR GOLF HAT - USED ,False,,Pre-Owned,99,800
Titleist Mens New Era Fitted Golf Cap Hat Size S/M All white AFlex,False,,Pre-Owned,1190,470
NEW TaylorMade Custom Cage TP5 Gray/White FItted Large/Extra Large Golf Hat/Cap,False,,Brand New,2295,425
NEW Titleist Charleston Cuff Knit Winter Golf Hat Beanie - Choose Color,True,0,Brand New,3099,
New2022 Titleist Tour Stretch Tech Golf Hat White Breathable Ultimate Comfort,True,,Brand New,3699,
Fishers Island Club Hat ~ Rare ~ Adjustable ~ Tan~  NWT Golf,False,,Brand New,12499,525
PXG Golf Hat Baseball Cap Casual Sports Cap White/Black One Size Fit All,False,10,Brand New,2999,0
Nike Aerobill Golf Hat Pink Unisex                 NEW',False,,Brand New,1850,0
Sub70 Sub 70 Golf Hat,False,,New (Other),1199,660
NEW Adidas Youth Throwing Darts Snapback Golf Hat Cap  - Choose Color,True,0,Brand New,2199,
Braemar Golf Rope Hat,False,,Pre-Owned,1500,439
New ListingNEW BLACK UNDER ARMOUR HAT CAP ARNOLD PALMER BAY HILL GOLF CLUB LOGO ADJUSTABLE,True,,Brand New,3330,490
New ListingNike TW Tiger Woods AeroBill Heritage 86 Golf Hat Navy BV1072 451 - SIZE L/XL,False,,New (Other),2499,610
Nike Golf Heritage86 Washed Unisex Adjustable Hat Cap Navy White CU9887 ,False,0,Brand New,1795,395
New ListingNEW Bridgestone Wide Brim Safari Boonie Gray Fitted S/M Hat/Cap,True,,Brand New,3900,0
New ListingNEW Bridgestone Wide Brim Safari Boonie White Fitted S/M Hat/Cap,True,,Brand New,3900,0
Puma Goldenwest Snapback Quarry/Puma Black Headwear Men One Size,True,,Brand New,1797,0
Volvik Golf Structured Logo V Cap Hat Snapback Red Navy White Gray One Size New!,False,,New (Other),499,499
Mizuno Tour Knit Pom Winter Hat,True,,Brand New,2497,
NEW Black Clover Spring Luck Carolina White/Blue Large/Extra Large Golf Hat/Cap,False,,Brand New,3400,0
Rolling Thunder - Grateful Dead Inspired Seminole Golf Hat - Imperial,False,,Brand New,3000,0
New Srixon Golf 2022 Beanie Winter Hat Beanie/Toboggan COLOR: Black,False,0,Brand New,1995,
New ListingBRAND NEW MENS GRAY UNDER ARMOUR GOLF HAT CAP OMAHA COUNTRY CLUB ADJUSTBALE,True,,Brand New,3330,
Bridgestone Tour Vented Adjustable Golf Hat New 2022,True,0,Brand New,2499,
New ListingBRAND NEW MENS UNDER ARMOUR GOLF HAT / CAP OMAHA COUNTRY CLUB FITTED LARGE / XL,True,,Brand New,2490,
Scala Classico Hand Made Medium Golf Hat Cap,True,,Pre-Owned,10800,449
PXG Adjustable Golf CAP new/authentic One Size Fit All,False,42,Brand New,2999,0
NWT Billabong Black & Brown Cheetah Print Sun Hat Junior's OS,False,,Brand New,2100,0
Big Green Egg Baseball Hat Mens Adjustable Gray Mesh Strapback Cap America Golf,True,,Pre-Owned,1011,685
Titleist Pro V1 Footjoy FJ Embroidered Adjustable Red Golf Hat Cap,True,,Pre-Owned,1199,599
„ÄêoZtrALa„Äë BUFFALO Leather Hat CROCODILE Band Mens Golf Texas Cowboy AUSTRALIAN ~,False,,Brand New,2234,1297
New ListingBRAND NEW MENS UNDER ARMOUR GOLF HAT / CAP OMAHA COUNTRY CLUB FITTED LARGE / XL,True,,Brand New,2490,0
Flexfit Baseball Hat 6277 Structured Twill FITTED Sport Cap Wooly Size S/M L/XL,False,78,New (Other),999,0
Men's Classic Army Summer Military Cap Hat Cadet Patrol Style Brim Spring Summer,True,874,Brand New,1295,0
TaylorMade Golf 2020 Tour Cage SIM TP5 Fitted Cap Hat - Pick Color,True,,Brand New,2395,0
Callaway Mens CG Bucket Hat Golf Cap - New 2022,True,,Brand New,3295,0
New ListingLot of 10 New With Tags Hats in Various Styles From Assorted Brands - BBE385,True,,Brand New,4997,0
Adidas Tour Fitted Golf Hat Cap HA9239 Black Small S/M New w/ Tags #76251,False,,Brand New,2650,0
New ListingMen s Bridgestone Golf Digital Camo Hat - Blue/Black,False,,Pre-Owned,2499,0
Puma 110 Golf Lovers Gray And Black Snap Back Mens Golf Hat,False,,New (Other),999,610
Shankitgolf Titties Rope Funny Golf Hat Adjustable,False,,Brand New,3200,0
Foot Joy Titleist Hat,False,,Pre-Owned,1500,439
Ko Olina Oahu Hawaii Golf Hat  Souvenir Ladybug Logo Baseball Cap Adjustable ,False,,Pre-Owned,2700,755
NEW Women's Black Clover Live Lucky Hollywood 10 Adjustable Toggle Golf Hat/Cap,False,,Brand New,2900,0
New ListingTitleist Brim Hat SPF White New!,False,,Brand New,2000,500
Imperial Golf Hat Men's Shamrock 2020 Adjustable,False,,New (Other),1799,500
NEW Black Clover Live Lucky Soft Luck 5 White/Navy Adjustable Golf Hat/Cap,False,0,Brand New,3000,0
Puma Mens Tour Driver Cap Golf Hat - New 2022 - Bryson DeChambeau,True,,Brand New,2995,0
New ListingWoman's Golf Cap Hat Mid Amateur Champions GC,False,,Pre-Owned,899,560
"Men's new with tags golf hat, 2019 U.S. OPEN, Pebble Beach USGA",False,0,Brand New,1595,0
"1 NEW PXG Black Floral W Yellow Golf Hat  Adjustable Snapback, W/ Ball Mark ",False,0,Brand New,2995,0
New ListingNEW MENS UNDER ARMOUR HAT CAP CROOKED STICK GOLF CLUB LOGO FITTED MEDIUM LARGE,True,,Brand New,2490,490
New ListingNEW MENS NAVY BLUE PLAID UNDER ARMOUR GOLF HAT CAP STONEYBROOK GOLF CLUB LOGO SB,True,,Brand New,2490,490
Ping Golf Hat Flexfit S/M Tour White                        NEW',False,0,Brand New,2900,0
TaylorMade Golf 2021 Original One Trucker Adjustable Hat Cap - Pick Color,True,64,Brand New,2399,0
18RED Johnny Trucker Snapback ProFlex Black White Lifestyle Golf FREE SHIP,False,,Brand New,2400,0
Top Golf Hat Unisex Adjustable Mid Fit Lime Green Mesh Strapback by Ahead R14WF2,True,,Pre-Owned,1487,685
"18RED, White & Blue Snapback Trucker USA American Flag Hat Adjustable FREE SHIP",False,,Brand New,2400,0
Vintage Woven In Ireland John Hanly Wool Golf Cap Size 7 1/8 58 Medium,True,,Pre-Owned,2699,449
NEW Black Clover Live Lucky Premium Clover #36 Black/Royal Fitted L/XL Golf,False,,Brand New,3200,0
New - World Golf Championships - Austin CC - Golf Hat Cap - Fitted - S/M Formed,False,,Brand New,995,450
G/Fore Circle G‚Äôs Pink Camo Snapback Golf Hat Cap,False,,Pre-Owned,5800,1190
Merion Golf Club American Needle Rope Hat,False,,Brand New,8000,1705
NEW Callaway Golf Liquid Metal Grey/Black Adjustable Visor/Hat/Cap,False,,Brand New,2495,0
Mizuno Tour Delta Fitted Golf Hat,True,0,Brand New,3397,0
Shankitgolf Bucket Sun Hat Adjustable Skull Golf Hat ,False,,Brand New,3500,0
NEW WITH TAGS Srixon Black with White Logo Adjustable Golf Hat/Cap,False,,Brand New,1699,535
Oakley Crestible Golf Ellipse Hat,False,,Brand New,1160,0
True Temper Snapback Golf Golfing Hat Black Embroidered,False,,Pre-Owned,699,755
TaylorMade M6 P790 Tour Authentic Men's Golf Cap Adjustable Hat Black ,False,,Pre-Owned,1699,500
New ListingNEW MENS GRAY PLAID UNDER ARMOUR GOLF HAT CAP STONEYBROOK GOLF CLUB LOGO SB NWT,True,,Brand New,2490,490
Biltmore Forest Club American Needle Golf Hat Blue Adjustable Rope Hat Cotton,False,,Pre-Owned,2500,1260
New Nike Golf Unisex Legacy 91 Tech Swoosh Cap Adjustable White 727042 Dri-FIT¬Æ,False,,Brand New,1799,495
Bridgestone Crusher Adjustable Snapback Hat New 2022 - Pick Color,True,12,Brand New,1995,0
Taylormade RAW Milled Grind 2 MG2 Flatbill Tour Snapback Golf Hat White Maroon,True,0,Brand New,1507,399
BRAND NEW WOMENS GRAY UNDER ARMOUR HAT CAP BANDON DUNES BANDON TRAILS GOLF LOGO,True,,Brand New,1998,490
NEW Adidas Youth Throwing Darts Snapback Golf Hat Cap  - Choose Color,True,0,Brand New,2199,0
New ListingNEW MENS MAROON UNDER ARMOUR GOLF HAT / CAP OMAHA COUNTRY CLUB FITTED LARGE,True,,Brand New,2490,490
Black Clover Oklahoma Pride Adjustable Slide Hat,True,,Brand New,3497,0
New ListingMen's Purple Titleist Golf Hat Adjustable Unstructured Fit,False,,Pre-Owned,999,1260
Nike Golf Heritage86 Washed Unisex Adjustable Hat Cap Rainforest /White CU9887,False,0,Brand New,1795,395
NEW' PING Tour Snapback Golf Hat Masters Green - Limited Edition ,False,,Brand New,2900,0
Devereux Golf Skull Caddie Hat new DVX,False,,New (Other),1999,550
NEW Mens Puma Golf Hat SnapBack-Rep Sample,True,,Brand New,2499,499
2022 Ping Limited Heritage TOUR Snapback Cap Golf Hat / White Quilt / NEW,False,0,Brand New,2999,0
New ListingTaylor Made Golf Hats - Lot Of 3 - Golf Hats- R7 Burner,False,,New (Other),3000,901
Taylormade Mens Tour Radar Hat Adjustable Cap - New 2022,True,0,Brand New,2595,0
Clevland Golf Unstructured Adjustable Hat COLOR: Navy/White SIZE: Adjustable,False,,Brand New,2295,0
TaylorMade Cage Patch Snapback Adjustable Golf Hat Cap Light Blue New #36460,False,,Brand New,2461,0
NEW Bridgestone Crusher Orange Adjustable Snapback Golf Hat/Cap,False,,Brand New,2495,0
New ListingNEW Black Clover Live Lucky Flex Waffle 8 Navy Fitted L/XL Golf Hat/Cap,False,,Brand New,3400,0
PXG Aloha Golf Baseball Cap Adjustable White Logo with Ball Marker,True,0,Brand New,3225,0
NEW Black Clover Live Lucky Heather Mesh Mango/Black S/M Golf Hat/Cap,False,,Brand New,3200,0
New ListingNEW MENS BLACK PLAID UNDER ARMOUR GOLF HAT CAP OMAHA COUNTRY CLUB ADJUSTBALE OCC,True,,Brand New,2490,490
Callaway Hat Golf Cap Grey Adjustable Back 3M Open Championship Logo Mens,True,,New (Other),1423,570
Nike Dry Fit Stay Cool Mercedes Hat,False,,Brand New,500,455
New ListingNEW GREEN & WHITE GOLF HAT / CAP OAKMONT COUNTRY CLUB LOGO FITTED LARGE L,True,,Brand New,1494,490
Bandon Dunes Imperial Performance Hat White,False,,Pre-Owned,1600,610
Mizuno Tour Vent Adjustable Golf Hat,False,,Brand New,2795,495
Titleist Green Golf Hat White Stitching Adjustable EUC,False,,Pre-Owned,800,596
SHANKITGOLF Funny Golf Hat 3 Putt King Adjustable Golf Gift Hat,True,,Brand New,3200,0
Buckle Cotton Gatsby Cap Mens Ivy Hat Golf Driving Summer Sun Flat Newsboy,True,136,Brand New,1499,0
